BEGIN TRANSACTION;
INSERT INTO "Chats" ("id","producto","usuario1","usuario2") VALUES (17,'7',8,15);
INSERT INTO "Imagenes" ("id","id_producto","ruta","nombre") VALUES (24,7,'7.0','cf45dc32408d5ff42974166bc9d33d1a.jpg');
INSERT INTO "Imagenes" ("id","id_producto","ruta","nombre") VALUES (26,8,'8.0','0c767e43ae069851d142d1c3c64591bc.jpg');
INSERT INTO "Imagenes" ("id","id_producto","ruta","nombre") VALUES (27,9,'9.0','dfa86769e377958bb98e7dd2845177fb.jpg');
INSERT INTO "Imagenes" ("id","id_producto","ruta","nombre") VALUES (28,10,'10.0','a1e8da467bf77966907b2a9520299e4c.jpg');
INSERT INTO "Mensajes" ("id","chatId","senderId","contenido") VALUES (21,17,15,'Hola, estoy interesado');
INSERT INTO "Mensajes" ("id","chatId","senderId","contenido") VALUES (22,17,8,'Hola');
INSERT INTO "PuntoRecogida" ("id","provincia","direccion") VALUES (4,'Madrid','Paseo del Prado, 1, 28014 Madrid');
INSERT INTO "PuntoRecogida" ("id","provincia","direccion") VALUES (5,'Madrid','Calle de Alcalá, 13, 28014 Madrid');
INSERT INTO "PuntoRecogida" ("id","provincia","direccion") VALUES (6,'Madrid','Calle de la Princesa, 89, 28008 Madrid');
INSERT INTO "PuntoRecogida" ("id","provincia","direccion") VALUES (11,'Barcelona','Carrer de Pau Claris, 110, 08009 Barcelona');
INSERT INTO "PuntoRecogida" ("id","provincia","direccion") VALUES (12,'Barcelona','Carrer de Sants, 74, 08014 Barcelona');
INSERT INTO "PuntoRecogida" ("id","provincia","direccion") VALUES (13,'Barcelona','Gran Via de les Corts Catalanes, 587, 08007 Barcelona');
INSERT INTO "Usuarios" ("id","username","password","rol","nombre") VALUES (0,'noUser','aaaaaaa','U','nouser');
INSERT INTO "Usuarios" ("id","username","password","rol","nombre") VALUES (1,'user','$2b$10$gz5oPKMtxf8TzaE6PJkqAufoPirM5pShV6LV.WKhCJ/1txM1H9xJq','U','Usuario Default');
INSERT INTO "Usuarios" ("id","username","password","rol","nombre") VALUES (2,'admin','$2b$10$9QmlmjrAH2/taRBeHcQELOq0XyJZi3IRpC9Rz.3fjtN8QAFBzbhU6','A','Admin Default');
INSERT INTO "Usuarios" ("id","username","password","rol","nombre") VALUES (8,'h','$2b$10$TOtXRInHbYIsK3OjM.Tw6.a2vnBpWHXwga7Kxtw4aFg0ua6QpQ2MC','U','h');
INSERT INTO "Usuarios" ("id","username","password","rol","nombre") VALUES (14,'t','$2b$10$hNCkVAfKxE53N59p/q9B5ezHzAtnhtA0nUE4RbVD06sOtbz1dW6oW','U','t');
INSERT INTO "Usuarios" ("id","username","password","rol","nombre") VALUES (15,'user@gmail.com','$2b$10$IH/pn7t4LrSXPLGlQn2gs.0lyFuTde.eC5obM8um8wVfNu35giHs.','U','Daniel');
INSERT INTO "Usuarios" ("id","username","password","rol","nombre") VALUES (17,'usuario2@gmail.com','$2b$10$NA.70AL/Gc11uHI4374d8uV1C.UbvTTgFj0SVVBItCRLONvG8rjI6','U','Javier');
INSERT INTO "Usuarios" ("id","username","password","rol","nombre") VALUES (18,'j@j','$2b$10$fua3hfG.bh1YqcCBeAMRTOmyJ3CwUpkY16K4Cxd0DF4rD3scUYP9O','U','j');
INSERT INTO "Usuarios" ("id","username","password","rol","nombre") VALUES (19,'super@super','$2b$10$A2ZrZgpS6uAS.oMj12NLYuQSZILfhFEpeWxjqfZE5eSwqG5L7971m','U','super123');
INSERT INTO "Usuarios" ("id","username","password","rol","nombre") VALUES (20,'carri@gmail.com','carripass','U','carri');
INSERT INTO "Usuarios" ("id","username","password","rol","nombre") VALUES (21,'marcos@gmail.com','$2b$10$inogazcq/9hYUzY/2DWtruO/UK/YdsGKHS/lpvaQPR22z7QwD4uc6','U','marcos');
INSERT INTO "direccion" ("id","usuario_id","nombre","codigo_postal","telefono","dni","direccion_entrega","punto_recogida","fecha_registro") VALUES (1,1,'Juan Pérez','28014','600123456','12345678A','Calle Falsa 123',0,'2025-04-03 19:27:05');
INSERT INTO "direccion" ("id","usuario_id","nombre","codigo_postal","telefono","dni","direccion_entrega","punto_recogida","fecha_registro") VALUES (19,8,'Juan','29000','678901234','1231545646P','Paseo del Prado, 1, 28014 Madrid',1,'2025-04-04 22:58:02');
INSERT INTO "direccion" ("id","usuario_id","nombre","codigo_postal","telefono","dni","direccion_entrega","punto_recogida","fecha_registro") VALUES (20,8,'Antonio','21344','675654321','111111111E','Calle 2',0,'2025-04-04 22:59:00');
INSERT INTO "direccion" ("id","usuario_id","nombre","codigo_postal","telefono","dni","direccion_entrega","punto_recogida","fecha_registro") VALUES (21,8,'Antonio','233333','234245','234242','Paseo del Prado, 1, 28014 Madrid',1,'2025-04-04 23:10:57');
INSERT INTO "direccion" ("id","usuario_id","nombre","codigo_postal","telefono","dni","direccion_entrega","punto_recogida","fecha_registro") VALUES (22,8,'Antonio','555555555','43434','34343','Paseo del Prado, 1, 28014 Madrid',1,'2025-04-04 23:11:28');
INSERT INTO "direccion" ("id","usuario_id","nombre","codigo_postal","telefono","dni","direccion_entrega","punto_recogida","fecha_registro") VALUES (23,8,'hhh','444','444','444','Paseo del Prado, 1, 28014 Madrid',1,'2025-04-04 23:13:55');
INSERT INTO "direccion" ("id","usuario_id","nombre","codigo_postal","telefono","dni","direccion_entrega","punto_recogida","fecha_registro") VALUES (24,8,'Antonio','3333333','676776767','12313123P','Carrer de Sants, 74, 08014 Barcelona',1,'2025-04-04 23:20:43');
INSERT INTO "direccion" ("id","usuario_id","nombre","codigo_postal","telefono","dni","direccion_entrega","punto_recogida","fecha_registro") VALUES (25,1,'sdf','sdf','dsf','sdf','Paseo del Prado, 1, 28014 Madrid',1,'2025-04-06 16:01:19');
INSERT INTO "direccion" ("id","usuario_id","nombre","codigo_postal","telefono","dni","direccion_entrega","punto_recogida","fecha_registro") VALUES (26,1,'sdfsdf','234','234234','23423432f','Calle de Alcalá, 13, 28014 Madrid',1,'2025-04-06 16:01:45');
INSERT INTO "direccion" ("id","usuario_id","nombre","codigo_postal","telefono","dni","direccion_entrega","punto_recogida","fecha_registro") VALUES (27,1,'Dasd','234234','345345','34534534f','Calle de la Princesa, 89, 28008 Madrid',1,'2025-04-06 17:22:02');
INSERT INTO "productos" ("id","id_user","nombre","descripcion","precio") VALUES (7,8,'Mesa','Cuatro patas',40.0);
INSERT INTO "productos" ("id","id_user","nombre","descripcion","precio") VALUES (8,1,'Lámpara','Brilla',23.0);
INSERT INTO "productos" ("id","id_user","nombre","descripcion","precio") VALUES (9,15,'Mesilla','Baja',32.0);
INSERT INTO "productos" ("id","id_user","nombre","descripcion","precio") VALUES (10,15,'Silla','Cuatro patas',23.0);
INSERT INTO "tarjeta" ("id","usuario_id","numero_tarjeta","fecha_expiracion","codigo_seguridad","nombre_titular") VALUES (1,1,'4111111111111111','12/25','123','Juan Pérez');
INSERT INTO "tarjeta" ("id","usuario_id","numero_tarjeta","fecha_expiracion","codigo_seguridad","nombre_titular") VALUES (2,8,'111111111','11111','223','Antonio');
INSERT INTO "tarjeta" ("id","usuario_id","numero_tarjeta","fecha_expiracion","codigo_seguridad","nombre_titular") VALUES (5,8,'1234567789','22/29','777','Antonio');
COMMIT;
